{
  "$schema": "https://schema.management.azure.com/schemas/2015-01-01/deploymentTemplate.json#",
  "contentVersion": "1.0.0.0",
"parameters": {
    "vnetName": {
      "type": "string",
      "defaultValue": "vnet_vdc_tx",
      "metadata": {
        "description": "AzureFoundation VNET for Virtual Data Center"
      }
    },
    "vnetAddressPrefix": {
      "type": "string",
      "defaultValue": "10.190.0.0/18",
      "metadata": {
        "description": "CIDR prefix for the VNet address space."
      }
    },
    "subnet799Name": {
      "type": "string",
      "defaultValue": "GatewaySubnet",
      "metadata": { "description": "The Azure gateway network " }
    },

    "gatewayName": {
      "type": "string",
      "defaultValue": "AzureTX2ADC",
      "metadata": {
        "description": "Arbitrary name for the new connection between Azure VNet and other network"
      }
    },
    "gatewayVPNType": {
      "type": "string",
      "metadata": {
        "description": "Route based or policy based"
      },
      "defaultValue": "RouteBased",
      "allowedValues": [
        "RouteBased",
        "PolicyBased"
      ]
    },
    "gatewayLocalIPPrefix": {
      "type": "Array",
      "metadata": { "description": "what networks are accecible with this gagteway" }
    },
    "gatewayLocalName": {
      "type": "string",
      "defaultValue": "LocalNetwork_ADC",
      "metadata": { "description": "what networks are accecible with thisteway" }
    },
    "gatewayConnectionName": {
      "type": "string",
      "defaultValue": "VDCGateway",
      "metadata": {
        "description": "Arbitrary name for gateway resource representing "
      }
    },
    "gatewayLocalIpAddress": {
      "type": "string",
      "defaultValue": "1.1.1.1",
      "metadata": {
        "description": "Public IP"
      }
    },
    "gatewayPublicIPName": {
      "type": "string",
      "defaultValue": "azureTXGatewayIP",
      "metadata": {
        "description": "Arbitrary name for public IP resource used for the new azure gateway"
      }
    },
    "gatewaySku": {
      "type": "string",
      "defaultValue": "Basic",
      "allowedValues": [
        "Basic",
        "Standard",
        "HighPerformance"
      ],
      "metadata": {
        "description": "The Sku of the Gateway. This must be one of Basic, Standard or HighPerformance."
      }
    },

    "gatewaySharedKey": {
      "type": "securestring",
      "metadata": {
        "description": "Shared key (PSK) for IPSec tunnel"
      }
    }
  },  
  "variables": {
    "vnetID": "[resourceId('Microsoft.Network/virtualNetworks', parameters('vnetName'))]",

    "apiVersion": "2015-06-15",
    "subnet799Ref": "[concat(variables('vnetID'),'/subnets/',parameters('subnet799Name'))]"
  },
  "resources": [



    {
      "apiVersion": "[variables('apiversion')]",
      "type": "Microsoft.Network/localNetworkGateways",
      "name": "[parameters('gatewayLocalName')]",
      "location": "[resourceGroup().location]",
      "properties": {
        "localNetworkAddressSpace": {
          "addressPrefixes": "[parameters('gatewayLocalIpPrefix')]"
        },
        "gatewayIpAddress": "[parameters('gatewayLocalIpAddress')]"
      }
    },
    {
      "apiVersion": "[variables('apiversion')]",
      "name": "[parameters('gatewayConnectionName')]",
      "type": "Microsoft.Network/connections",
      "location": "[resourceGroup().location]",
      "dependsOn": [
        "[concat('Microsoft.Network/virtualNetworkGateways/', parameters('gatewayName'))]",
        "[concat('Microsoft.Network/localNetworkGateways/', parameters('gatewayLocalName'))]"
      ],
      "properties": {
        "virtualNetworkGateway1": {
          "id": "[resourceId('Microsoft.Network/virtualNetworkGateways', parameters('gatewayName'))]"
        },
        "localNetworkGateway2": {
          "id": "[resourceId('Microsoft.Network/localNetworkGateways', parameters('gatewayLocalName'))]"
        },
        "connectionType": "IPsec",
        "routingWeight": 10,
        "sharedKey": "[parameters('gatewaySharedKey')]"
      }
    },
    {
      "apiVersion": "[variables('apiversion')]",
      "type": "Microsoft.Network/publicIPAddresses",
      "name": "[parameters('gatewayPublicIPName')]",
      "location": "[resourceGroup().location]",
      "properties": {
        "publicIPAllocationMethod": "Dynamic"
      }
    },
   
    {
      "apiVersion": "[variables('apiversion')]",
      "type": "Microsoft.Network/virtualNetworkGateways",
      "name": "[parameters('gatewayName')]",
      "location": "[resourceGroup().location]",
      "dependsOn": [
        "[concat('Microsoft.Network/publicIPAddresses/', parameters('gatewayPublicIPName'))]",
        "[concat('Microsoft.Network/virtualNetworks/', parameters('vnetName'))]"
      ],
      "properties": {
        "ipConfigurations": [
          {
            "properties": {
              "privateIPAllocationMethod": "Dynamic",
              "subnet": { "id": "[variables('subnet799Ref')]" },
              "publicIPAddress": { "id": "[resourceId('Microsoft.Network/publicIPAddresses',parameters('gatewayPublicIPName'))]" }
            },
            "name": "[parameters('gatewayLocalName')]"
          }
        ],
        "sku": {
          "name": "[parameters('gatewaySku')]",
          "tier": "[parameters('gatewaySku')]"
        },
        "gatewayType": "Vpn",
        "vpnType": "[parameters('gatewayVPNType')]",
        "enableBgp": "false"
      }
    }
  ],
  "outputs": {
  }
}
