{
  "$schema": "https://schema.management.azure.com/schemas/2015-01-01/deploymentParameters.json#",
  "contentVersion": "1.0.0.0",
  "parameters": {
    "Location": { "value": "centralus" },
    "ResourceGroupName": { "value": "vdc_vnet_tx" },
    "vnetName": { "value": "vnet_vdc_tx" },
    "vnetAddressPrefix": { "value": "10.190.0.0/18" },
    "subnet600Prefix": { "value": "10.190.56.0/24" },
    "subnet600Name": { "value": "600_Services_Srvcs_VDC_TX" },
    "subnet600NSG": { "value": "600_NSG_Services" },
    "subnet600UDR": { "value": "600_UDR_Services" },
    "subnet605Prefix": { "value": "10.190.57.0/24" },
    "subnet605Name": { "value": "605_LB_Services_Srvcs_VDC_TX" },
    "subnet605NSG": { "value": "605_NSG_LB_Services" },
    "subnet605UDR": { "value": "605_UDR_LB_Services" },
    "subnet650Prefix": { "value": "10.190.58.0/24" },
    "subnet650Name": { "value": "650_DMZ_Srvcs_VDC_TX" },
    "subnet650NSG": { "value": "650_NSG_DMZ" },
    "subnet650UDR": { "value": "650_UDR_DMZ" },
    "subnet660Prefix": { "value": "10.190.59.0/25" },
    "subnet660Name": { "value": "660_User_Tier0_Srvcs_VDC_TX" },
    "subnet660NSG": { "value": "660_NSG_User_Tier0" },
    "subnet660UDR": { "value": "660_UDR_User_Tier0" },
    "subnet661Prefix": { "value": "10.190.59.128/25" },
    "subnet661Name": { "value": "661_User_Tier1_Srvcs_VDC_TX" },
    "subnet661NSG": { "value": "661_NSG_User_Tier1" },
    "subnet661UDR": { "value": "661_UDR_User_Tier1" },
    "subnet655Prefix": { "value": "10.190.60.0/24" },
    "subnet655Name": { "value": "655_LB_DMZ_Srvcs_VDC_TX" },
    "subnet655NSG": { "value": "655_NSG_LB_DMZ" },
    "subnet655UDR": { "value": "655_UDR_LB_DMZ" },
    "subnet700Prefix": { "value": "10.190.63.0/28" },
    "subnet700Name": { "value": "700_CSR_In_Srvcs_VDC_TX" },
    "subnet700NSG": { "value": "700_NSG_CSR_In" },
    "subnet700UDR": { "value": "700_UDR_CSR_In" },
    "subnet701Prefix": { "value": "10.190.63.16/28" },
    "subnet701Name": { "value": "701_CSR_Out_Srvcs_VDC_TX" },
    "subnet701NSG": { "value": "701_NSG_CSR_Out" },
    "subnet701UDR": { "value": "701_UDR_CSR_Out" },
    "subnet702Prefix": { "value": "10.190.63.32/28" },
    "subnet702Name": { "value": "702_CSR_Tunnel_Srvcs_VDC_TX" },
    "subnet702NSG": { "value": "702_NSG_CSR_Tunnel" },
    "subnet702UDR": { "value": "702_UDR_CSR_Tunnel" },
    "subnet703Prefix": { "value": "10.190.63.48/28" },
    "subnet703Name": { "value": "703_CSR_HA_Srvcs_VDC_TX" },
    "subnet703NSG": { "value": "703_NSG_CSR_HA" },
    "subnet703UDR": { "value": "703_UDR_CSR_HA" },
    "subnet710Prefix": { "value": "10.190.63.64/28" },
    "subnet710Name": { "value": "710_IntASA_Mgnt_Srvcs_VDC_TX" },
    "subnet710NSG": { "value": "710_NSG_IntASA_Mgnt" },
    "subnet710UDR": { "value": "710_UDR_IntASA_Mgnt" },
    "subnet711Prefix": { "value": "10.190.63.80/28" },
    "subnet711Name": { "value": "711_IntASA_In_Srvcs_VDC_TX" },
    "subnet711NSG": { "value": "711_NSG_IntASA_In" },
    "subnet711UDR": { "value": "711_UDR_IntASA_In" },
    "subnet712Prefix": { "value": "10.190.63.96/28" },
    "subnet712Name": { "value": "712_IntASA_Out_Srvcs_VDC_TX" },
    "subnet712NSG": { "value": "712_NSG_IntASA_Out" },
    "subnet712UDR": { "value": "712_UDR_IntASA_Out" },
    "subnet713Prefix": { "value": "10.190.63.112/28" },
    "subnet713Name": { "value": "713_IntASA_DMZ_Srvcs_VDC_TX" },
    "subnet713NSG": { "value": "713_NSG_IntASA_DMZ" },
    "subnet713UDR": { "value": "713_UDR_IntASA_DMZ" },
    "subnet715Prefix": { "value": "10.190.63.128/28" },
    "subnet715Name": { "value": "715_IntLB_Srvcs_VDC_TX" },
    "subnet715NSG": { "value": "715_NSG_IntLB" },
    "subnet715UDR": { "value": "715_UDR_IntLB" },
    "subnet750Prefix": { "value": "10.190.63.144/28" },
    "subnet750Name": { "value": "750_ExtASA_Mgnt_Srvcs_VDC_TX" },
    "subnet750NSG": { "value": "750_NSG_ExtASA_Mgnt" },
    "subnet750UDR": { "value": "750_UDR_ExtASA_Mgnt" },
    "subnet751Prefix": { "value": "10.190.63.160/28" },
    "subnet751Name": { "value": "751_ExtASA_In_Srvcs_VDC_TX" },
    "subnet751NSG": { "value": "751_NSG_ExtASA_In" },
    "subnet751UDR": { "value": "751_UDR_ExtASA_In" },
    "subnet752Prefix": { "value": "10.190.63.176/28" },
    "subnet752Name": { "value": "752_ExtASA_Out_Srvcs_VDC_TX" },
    "subnet752NSG": { "value": "752_NSG_ExtASA_Out" },
    "subnet752UDR": { "value": "752_UDR_ExtASA_Out" },
    "subnet753Prefix": { "value": "10.190.63.192/28" },
    "subnet753Name": { "value": "753_ExtASA_DMZ_Srvcs_VDC_TX" },
    "subnet753NSG": { "value": "753_NSG_ExtASA_DMZ" },
    "subnet753UDR": { "value": "753_UDR_ExtASA_DMZ" },
    "subnet755Prefix": { "value": "10.190.63.208/28" },
    "subnet755Name": { "value": "755_ExtLB_Srvcs_VDC_TX" },
    "subnet755NSG": { "value": "755_NSG_ExtLB" },
    "subnet755UDR": { "value": "755_UDR_ExtLB" },
    "subnet798Prefix": { "value": "10.190.63.224/28" },
    "subnet798Name": { "value": "798_ER_Srvcs_VDC_TX" },
    "subnet799Prefix": { "value": "10.190.63.240/28" },
    "subnet799Name": { "value": "GatewaySubnet" },
    "subnet699Prefix": { "value": "10.190.63.248/29" },
    "subnet699Name": { "value": "699_GW_Srvcs_VDC_TX" },
    "gatewayName": { "value": "AzureTXS2SADC" },
    "gatewayVPNType": { "value": "RouteBased" },
    "gatewayLocalIPPrefix": {
      "value": [
        "204.67.210.0/23",
        "204.67.15.0/26",
        "204.67.120.0/24",
        "168.44.244.0/23"
      ]
    },
    "gatewayLocalName": { "value": "ADC" },
    "gatewayConnectionName": { "value": "AzureTXS2SVPN" },
    "gatewayLocalIPAddress": { "value": "1.1.1.1" },
    "gatewayPublicIPName": { "value": "AzureGatewayTXPublicIP" },
    "gatewaySku": { "value": "Basic" },
    "vmCSRAdminUsername": { "value": "vdcAdmin" },
    "vmAuthNType": { "value": "password" },
    "vmCSR1aName": { "value": "vdcpccsr1a" },
    "vmCSR1aPIPName": { "value": "700_CSR1a" },
    "vmCSR1aPIPDNS": { "value": "vdcpccsr1a" },
      "vmCSRPremiumStorageName": { "value": "vdcvnettx2a" },
      "vmCSRStndStorageName": { "value": "vdcvnettx1a" },
      "vmCSRSize": { "value": "Standard_D3_v2" },
      "vmCSR1aSubnet700IP": { "value": "10.190.63.4" },
      "vmCSR1aSubnet701IP": { "value": "10.190.63.20" },
      "vmCSR1aSubnet702IP": { "value": "10.190.63.36" },
      "vmCSR1aSubnet703IP": { "value": "10.190.63.52" }
    }
  }