{
    "$schema": "https://schema.management.azure.com/schemas/2015-01-01/deploymentParameters.json#",
    "contentVersion": "1.0.0.0",
  "parameters": {
    "Location": { "value": "usgovvirginia" },
    "ResourceGroupName": { "value": "vdc_vnet_tx" },
    "vnetName": { "value": "vnet_vdc_tx" },
    "vnetAddressPrefix": { "value": "10.190.128.0/18" },
    "subnet700Name": { "value": "700_CSR_In_Srvcs_VDCMac_VA" },
    "subnet700Prefix": { "value": "10.190.128.0/29" },
    "subnet700NSG": { "value": "700_NSG_CSR_In" },
    "subnet700UDR": { "value": "700_UDR_CSR_In" },
    "subnet701Name": { "value": "701_CSR_Out_Srvcs_VDCMac_VA" },
    "subnet701Prefix": { "value": "10.190.128.8/29" },
    "subnet701NSG": { "value": "701_NSG_CSR_Out" },
    "subnet701UDR": { "value": "701_UDR_CSR_Out" },
    "subnet702Name": { "value": "702_CSR_Tunnel_Srvcs_VDCMac_VA" },
    "subnet702Prefix": { "value": "10.190.128.16/29" },
    "subnet702NSG": { "value": "702_NSG_CSR_Tunnel" },
    "subnet702UDR": { "value": "702_UDR_CSR_Tunnel" },
    "subnet703Name": { "value": "703_CSR_HA_Srvcs_VDCMac_VA" },
    "subnet703Prefix": { "value": "10.190.128.24/29" },
    "subnet703NSG": { "value": "703_NSG_CSR_HA" },
    "subnet703UDR": { "value": "703_UDR_CSR_HA" },
    "subnet710Name": { "value": "710_IntASA_Mgnt_Srvcs_VDCMac_VA" },
    "subnet710Prefix": { "value": "10.190.128.64/29" },
    "subnet710NSG": { "value": "710_NSG_IntASA_Mgnt" },
    "subnet710UDR": { "value": "710_UDR_IntASA_Mgnt" },
    "subnet711Name": { "value": "711_IntASA_In_Srvcs_VDCMac_VA" },
    "subnet711Prefix": { "value": "10.190.128.72/29" },
    "subnet711NSG": { "value": "711_NSG_IntASA_In" },
    "subnet711UDR": { "value": "711_UDR_IntASA_In" },
    "subnet712Name": { "value": "712_IntASA_Out_Srvcs_VDCMac_VA" },
    "subnet712Prefix": { "value": "10.190.128.80/29" },
    "subnet712NSG": { "value": "712_NSG_IntASA_Out" },
    "subnet712UDR": { "value": "712_UDR_IntASA_Out" },
    "subnet713Name": { "value": "713_IntASA_DMZ_Srvcs_VDCMac_VA" },
    "subnet713Prefix": { "value": "10.190.128.88/29" },
    "subnet713NSG": { "value": "713_NSG_IntASA_DMZ" },
    "subnet713UDR": { "value": "713_UDR_IntASA_DMZ" },
    "subnet715Name": { "value": "715_IntLB_Srvcs_VDCMac_VA" },
    "subnet715Prefix": { "value": "10.190.128.96/29" },
    "subnet715NSG": { "value": "715_NSG_IntLB" },
    "subnet715UDR": { "value": "715_UDR_IntLB" },
    "subnet750Name": { "value": "750_ExtASA_Mgnt_Srvcs_VDCMac_VA" },
    "subnet750Prefix": { "value": "10.190.128.112/29" },
    "subnet750NSG": { "value": "750_NSG_ExtASA_Mgnt" },
    "subnet750UDR": { "value": "750_UDR_ExtASA_Mgnt" },
    "subnet751Name": { "value": "751_ExtASA_In_Srvcs_VDCMac_VA" },
    "subnet751Prefix": { "value": "10.190.128.120/29" },
    "subnet751NSG": { "value": "751_NSG_ExtASA_In" },
    "subnet751UDR": { "value": "751_UDR_ExtASA_In" },
    "subnet752Name": { "value": "752_ExtASA_Out_Srvcs_VDCMac_VA" },
    "subnet752Prefix": { "value": "10.190.128.128/29" },
    "subnet752NSG": { "value": "752_NSG_ExtASA_Out" },
    "subnet752UDR": { "value": "752_UDR_ExtASA_Out" },
    "subnet753Name": { "value": "753_ExtASA_DMZ_Srvcs_VDCMac_VA" },
    "subnet753Prefix": { "value": "10.190.128.136/29" },
    "subnet753NSG": { "value": "753_NSG_ExtASA_DMZ" },
    "subnet753UDR": { "value": "753_UDR_ExtASA_DMZ" },
    "subnet755Name": { "value": "755_ExtLB_Srvcs_VDCMac_VA" },
    "subnet755Prefix": { "value": "10.190.128.144/29" },
    "subnet755NSG": { "value": "755_NSG_ExtLB" },
    "subnet755UDR": { "value": "755_UDR_ExtLB" },
    "subnet798Name": { "value": "798_ER_Srvcs_VDCMac_VA" },
    "subnet798Prefix": { "value": "10.190.128.224/28" },
    "subnet798NSG": { "value": "798_NSG_ER" },
    "subnet798UDR": { "value": "798_UDR_ER" },
    "subnet799Name": { "value": "GatewaySubnet" },
    "gatewayName": { "value": "AzureS2SADC" },
    "gatewayVPNType": { "value": "RouteBased" },
    "gatewayLocalIPPrefix": { "value": "10.0.0.0/15" },
    "gatewayLocalName": { "value": "ADC" },
    "gatewayConnectionName": { "value": "AzureS2SVPN" },
    "gatewayLocalIPAddress": { "value": "1.1.1.1" },
    "gatewayPublicIPName": { "value": "AzureGatewayPublicIP" },
    "gatewaySku": { "value": "Basic" },
    "gatewaySharedKey": {"value": ""},
    "vmCSRAdminUsername":{"value": "vdcAdmin"},
       "vmAuthNType": {"value": "password"},
    "vmCSR1aName": {"value": "vdcpccsr1a"},
    "vmCSR1aPIPName": { "value": "700_CSR1a"},
    "vmCSRPremiumStorageName": {"value": "vdcvnettx2a"},
    "vmCSRStndStorageName": {"value": "vdcvnettx1a"},
    "vmCSRSize": {"value": "Standard_D3_v2"},
    "vmCSR1aSubnet700IP": {"value":"10.190.128.4"},
        "vmCSR1aSubnet701IP": {"value" : "10.190.128.12"},
    "vmCSR1aSubnet702IP": {"value": "10.190.128.20"},
    "vmCSR1aSubnet703IP": {"value": "10.190.128.28"}
    }
  }