{
  "$schema": "https://schema.management.azure.com/schemas/2015-01-01/deploymentTemplate.json#",
  "contentVersion": "1.0.0.0",
  "parameters": {
    "baseUrl": {
      "defaultValue": "https://github.com/willstg/VDC/tree/master/VDC_VNET_TX",
      "type": "string",
      "metadata": {
        "artifactsBaseUrl": "",
        "description": "URL to acquire other templates"
      }
    },
    "location": {
      "type": "string",
      "defaultValue": "South Central US",
      "metadata": {
        "description": "Deployment location. (example: USGov Virginia)"
      }
    },

    "ResourceGroupName": {
      "type": "string",
      "defaultValue": "vdc_vnet_tx"
    },


    "vnetName": {
      "type": "string",
      "defaultValue": "vnet_vdc_tx",
      "metadata": {
        "description": "AzureFoundation VNET for Virtual Data Center"
      }
    },
    "vnetAddressPrefix": {
      "type": "string",
      "defaultValue": "10.190.0.0/18",
      "metadata": {
        "description": "CIDR prefix for the VNet address space."
      }
    },
    "subnet600Prefix": {
      "type": "string",
      "defaultValue": "10.190.56.0/24",
      "metadata": { "description": "Used to host highly sensitive data that is also highly accessed." }
    },
    "subnet600Name": {
      "type": "string",
      "defaultValue": "600_Services_Srvcs_VDC_TX",
      "metadata": { "description": "Used to host highly sensitive data that is also highly accessed." }
    },
    "subnet600VNAIP": {
      "type": "string",
      "defaultValue": "10.190.191.76",
      "metadata": { "description": "UDR: Used to host highly sensitive data that is also highly accessed." }
    },
    "subnet600NSG": {
      "type": "string",
      "defaultValue": "600_NSG_Services",
      "metadata": { "description": "NSG: Used to host highly sensitive data that is also highly accessed." }
    },
    "subnet600UDR": {
      "type": "string",
      "defaultValue": "600_UDR_Services",
      "metadata": { "description": "UDR: Used to host highly sensitive data that is also highly accessed." }
    },
    "subnet605Prefix": {
      "type": "string",
      "defaultValue": "10.190.57.0/24",
      "metadata": { "description": "Loadbalanced Services (internal) systems" }
    },
    "subnet605Name": {
      "type": "string",
      "defaultValue": "605_LB_Services_Srvcs_VDC_TX",
      "metadata": { "description": "Loadbalanced Services (internal) systems" }
    },
    "subnet605VNAIP": {
      "type": "string",
      "defaultValue": "10.190.191.100",
      "metadata": { "description": "UDR: Loadbalanced Services (internal) systems" }
    },
    "subnet605NSG": {
      "type": "string",
      "defaultValue": "605_NSG_LB_Services",
      "metadata": { "description": "NSG: Loadbalanced Services (internal) systems" }
    },
    "subnet605UDR": {
      "type": "string",
      "defaultValue": "605_UDR_LB_Services",
      "metadata": { "description": "UDR: Loadbalanced Services (internal) systems" }
    },
    "subnet650Prefix": {
      "type": "string",
      "defaultValue": "10.190.58.0/24",
      "metadata": { "description": "Internet EndPoint Machines" }
    },
    "subnet650Name": {
      "type": "string",
      "defaultValue": "650_DMZ_Srvcs_VDC_TX",
      "metadata": { "description": "Internet EndPoint Machines" }
    },
    "subnet650VNAIP": {
      "type": "string",
      "defaultValue": "10.190.171.124",
      "metadata": { "description": "UDR: Internet EndPoint Machines" }
    },
    "subnet650NSG": {
      "type": "string",
      "defaultValue": "650_NSG_DMZ",
      "metadata": { "description": "NSG: Internet EndPoint Machines" }
    },
    "subnet650UDR": {
      "type": "string",
      "defaultValue": "650_UDR_DMZ",
      "metadata": { "description": "UDR: Internet EndPoint Machines" }
    },
    "subnet660Prefix": {
      "type": "string",
      "defaultValue": "10.190.59.0/25",
      "metadata": { "description": "Tier 0 - Direct Control of enterprise identities in the environment. Tier 0 includes accounts, groups, and other assets that have direct or indirect administrative control of the Active Directory forest, domains, or domain controllers, and all the assets in it. The security sensitivity of all Tier 0 assets is equivalent as they are all effectively in control of each other" }
    },
    "subnet660Name": {
      "type": "string",
      "defaultValue": "660_User_Tier0_Srvcs_VDC_TX",
      "metadata": { "description": "Tier 0 - Direct Control of enterprise identities in the environment. Tier 0 includes accounts, groups, and other assets that have direct or indirect administrative control of the Active Directory forest, domains, or domain controllers, and all the assets in it. The security sensitivity of all Tier 0 assets is equivalent as they are all effectively in control of each other" }
    },
    "subnet660VNAIP": {
      "type": "string",
      "defaultValue": "10.190.191.76",
      "metadata": { "description": "UDR: Tier 0 - Direct Control of enterprise identities in the environment. Tier 0 includes accounts, groups, and other assets that have direct or indirect administrative control of the Active Directory forest, domains, or domain controllers, and all the assets in it. The security sensitivity of all Tier 0 assets is equivalent as they are all effectively in control of each other" }
    },
    "subnet660NSG": {
      "type": "string",
      "defaultValue": "660_NSG_User_Tier0",
      "metadata": { "description": "NSG: Tier 0 - Direct Control of enterprise identities in the environment. Tier 0 includes accounts, groups, and other assets that have direct or indirect administrative control of the Active Directory forest, domains, or domain controllers, and all the assets in it. The security sensitivity of all Tier 0 assets is equivalent as they are all effectively in control of each other" }
    },
    "subnet660UDR": {
      "type": "string",
      "defaultValue": "660_UDR_User_Tier0",
      "metadata": { "description": "UDR: Tier 0 - Direct Control of enterprise identities in the environment. Tier 0 includes accounts, groups, and other assets that have direct or indirect administrative control of the Active Directory forest, domains, or domain controllers, and all the assets in it. The security sensitivity of all Tier 0 assets is equivalent as they are all effectively in control of each other" }
    },
    "subnet661Prefix": {
      "type": "string",
      "defaultValue": "10.190.59.128/25",
      "metadata": { "description": "Tier 1 administrator - manage enterprise servers, services, and applications" }
    },
    "subnet661Name": {
      "type": "string",
      "defaultValue": "661_User_Tier1_Srvcs_VDC_TX",
      "metadata": { "description": "Tier 1 administrator - manage enterprise servers, services, and applications" }
    },
    "subnet661VNAIP": {
      "type": "string",
      "defaultValue": "10.190.191.76",
      "metadata": { "description": "UDR: Tier 1 administrator - manage enterprise servers, services, and applications" }
    },
    "subnet661NSG": {
      "type": "string",
      "defaultValue": "661_NSG_User_Tier1",
      "metadata": { "description": "NSG: Tier 1 administrator - manage enterprise servers, services, and applications" }
    },
    "subnet661UDR": {
      "type": "string",
      "defaultValue": "661_UDR_User_Tier1",
      "metadata": { "description": "UDR: Tier 1 administrator - manage enterprise servers, services, and applications" }
    },
    "subnet655Prefix": {
      "type": "string",
      "defaultValue": "10.190.60.0/24",
      "metadata": { "description": "Loadbalanced Services DMZ systems" }
    },
    "subnet655Name": {
      "type": "string",
      "defaultValue": "655_LB_DMZ_Srvcs_VDC_TX",
      "metadata": { "description": "Loadbalanced Services DMZ systems" }
    },
    "subnet655VNAIP": {
      "type": "string",
      "defaultValue": "10.190.174.148",
      "metadata": { "description": "UDR: Loadbalanced Services DMZ systems" }
    },
    "subnet655NSG": {
      "type": "string",
      "defaultValue": "655_NSG_LB_DMZ",
      "metadata": { "description": "NSG: Loadbalanced Services DMZ systems" }
    },
    "subnet655UDR": {
      "type": "string",
      "defaultValue": "655_UDR_LB_DMZ",
      "metadata": { "description": "UDR: Loadbalanced Services DMZ systems" }
    },
    "subnet670Prefix": {
      "type": "string",
      "defaultValue": "10.190.60.0/22",
      "metadata": { "description": "Future Consideration" }
    },
    "subnet670Name": {
      "type": "string",
      "defaultValue": "670_Future_Srvcs_VDC_TX",
      "metadata": { "description": "Future Consideration" }
    },

    "subnet670UDR": {
      "type": "string",
      "defaultValue": "670_UDR_Future",
      "metadata": { "description": "UDR: Future Consideration" }
    },
    "subnet700Prefix": {
      "type": "string",
      "defaultValue": "10.190.63.0/28",
      "metadata": { "description": "Subnet for CSR for Inside interface" }
    },
    "subnet700Name": {
      "type": "string",
      "defaultValue": "700_CSR_In_Srvcs_VDC_TX",
      "metadata": { "description": "Subnet for CSR for Inside interface" }
    },
    "subnet700VNAIP": {
      "type": "string",
      "defaultValue": "10.190.63.4",
      "metadata": { "description": "UDR: Subnet for CSR for Inside interface" }
    },
    "subnet700NSG": {
      "type": "string",
      "defaultValue": "700_NSG_CSR_In",
      "metadata": { "description": "NSG: Subnet for CSR for Inside interface" }
    },
    "subnet700UDR": {
      "type": "string",
      "defaultValue": "700_UDR_CSR_In",
      "metadata": { "description": "UDR: Subnet for CSR for Inside interface" }
    },
    "subnet701Prefix": {
      "type": "string",
      "defaultValue": "10.190.63.16/28",
      "metadata": { "description": "Subnet for CSR for Outside" }
    },
    "subnet701Name": {
      "type": "string",
      "defaultValue": "701_CSR_Out_Srvcs_VDC_TX",
      "metadata": { "description": "Subnet for CSR for Outside" }
    },
    "subnet701VNAIP": {
      "type": "string",
      "defaultValue": "10.190.63.12",
      "metadata": { "description": "UDR: Subnet for CSR for Outside" }
    },
    "subnet701NSG": {
      "type": "string",
      "defaultValue": "701_NSG_CSR_Out",
      "metadata": { "description": "NSG: Subnet for CSR for Outside" }
    },
    "subnet701UDR": {
      "type": "string",
      "defaultValue": "701_UDR_CSR_Out",
      "metadata": { "description": "UDR: Subnet for CSR for Outside" }
    },
    "subnet702Prefix": {
      "type": "string",
      "defaultValue": "10.190.63.32/28",
      "metadata": { "description": "Subnet for the CSR Tunnel" }
    },
    "subnet702Name": {
      "type": "string",
      "defaultValue": "702_CSR_Tunnel_Srvcs_VDC_TX",
      "metadata": { "description": "Subnet for the CSR Tunnel" }
    },
    "subnet702VNAIP": {
      "type": "string",
      "defaultValue": "10.190.63.20",
      "metadata": { "description": "UDR: Subnet for the CSR Tunnel" }
    },
    "subnet702NSG": {
      "type": "string",
      "defaultValue": "702_NSG_CSR_Tunnel",
      "metadata": { "description": "NSG: Subnet for the CSR Tunnel" }
    },
    "subnet702UDR": {
      "type": "string",
      "defaultValue": "702_UDR_CSR_Tunnel",
      "metadata": { "description": "UDR: Subnet for the CSR Tunnel" }
    },
    "subnet703Prefix": {
      "type": "string",
      "defaultValue": "10.190.63.48/28",
      "metadata": { "description": "Failover subnet" }
    },
    "subnet703Name": {
      "type": "string",
      "defaultValue": "703_CSR_HA_Srvcs_VDC_TX",
      "metadata": { "description": "Failover subnet" }
    },
    "subnet703VNAIP": {
      "type": "string",
      "defaultValue": "10.190.63.28",
      "metadata": { "description": "UDR: Failover subnet" }
    },
    "subnet703NSG": {
      "type": "string",
      "defaultValue": "703_NSG_CSR_HA",
      "metadata": { "description": "NSG: Failover subnet" }
    },
    "subnet703UDR": {
      "type": "string",
      "defaultValue": "703_UDR_CSR_HA",
      "metadata": { "description": "UDR: Failover subnet" }
    },
    "subnet710Prefix": {
      "type": "string",
      "defaultValue": "10.190.63.64/28",
      "metadata": { "description": "ASA management interface" }
    },
    "subnet710Name": {
      "type": "string",
      "defaultValue": "710_IntASA_Mgnt_Srvcs_VDC_TX",
      "metadata": { "description": "ASA management interface" }
    },
    "subnet710VNAIP": {
      "type": "string",
      "defaultValue": "10.190.63.68",
      "metadata": { "description": "UDR: ASA management interface" }
    },
    "subnet710NSG": {
      "type": "string",
      "defaultValue": "710_NSG_IntASA_Mgnt",
      "metadata": { "description": "NSG: ASA management interface" }
    },
    "subnet710UDR": {
      "type": "string",
      "defaultValue": "710_UDR_IntASA_Mgnt",
      "metadata": { "description": "UDR: ASA management interface" }
    },
    "subnet711Prefix": {
      "type": "string",
      "defaultValue": "10.190.63.80/28",
      "metadata": { "description": "ASA Inside Interface" }
    },
    "subnet711Name": {
      "type": "string",
      "defaultValue": "711_IntASA_In_Srvcs_VDC_TX",
      "metadata": { "description": "ASA Inside Interface" }
    },
    "subnet711VNAIP": {
      "type": "string",
      "defaultValue": "10.190.63.76",
      "metadata": { "description": "UDR: ASA Inside Interface" }
    },
    "subnet711NSG": {
      "type": "string",
      "defaultValue": "711_NSG_IntASA_In",
      "metadata": { "description": "NSG: ASA Inside Interface" }
    },
    "subnet711UDR": {
      "type": "string",
      "defaultValue": "711_UDR_IntASA_In",
      "metadata": { "description": "UDR: ASA Inside Interface" }
    },
    "subnet712Prefix": {
      "type": "string",
      "defaultValue": "10.190.63.96/28",
      "metadata": { "description": "ASA Outside Interface" }
    },
    "subnet712Name": {
      "type": "string",
      "defaultValue": "712_IntASA_Out_Srvcs_VDC_TX",
      "metadata": { "description": "ASA Outside Interface" }
    },
    "subnet712VNAIP": {
      "type": "string",
      "defaultValue": "10.190.63.84",
      "metadata": { "description": "UDR: ASA Outside Interface" }
    },
    "subnet712NSG": {
      "type": "string",
      "defaultValue": "712_NSG_IntASA_Out",
      "metadata": { "description": "NSG: ASA Outside Interface" }
    },
    "subnet712UDR": {
      "type": "string",
      "defaultValue": "712_UDR_IntASA_Out",
      "metadata": { "description": "UDR: ASA Outside Interface" }
    },
    "subnet713Prefix": {
      "type": "string",
      "defaultValue": "10.190.63.112/28",
      "metadata": { "description": "ASA DMZ Interface" }
    },
    "subnet713Name": {
      "type": "string",
      "defaultValue": "713_IntASA_DMZ_Srvcs_VDC_TX",
      "metadata": { "description": "ASA DMZ Interface" }
    },
    "subnet713VNAIP": {
      "type": "string",
      "defaultValue": "10.190.63.92",
      "metadata": { "description": "UDR: ASA DMZ Interface" }
    },
    "subnet713NSG": {
      "type": "string",
      "defaultValue": "713_NSG_IntASA_DMZ",
      "metadata": { "description": "NSG: ASA DMZ Interface" }
    },
    "subnet713UDR": {
      "type": "string",
      "defaultValue": "713_UDR_IntASA_DMZ",
      "metadata": { "description": "UDR: ASA DMZ Interface" }
    },
    "subnet715Prefix": {
      "type": "string",
      "defaultValue": "10.190.63.128/28",
      "metadata": { "description": "Internal Loadbalancer virtual appliance" }
    },
    "subnet715Name": {
      "type": "string",
      "defaultValue": "715_IntLB_Srvcs_VDC_TX",
      "metadata": { "description": "Internal Loadbalancer virtual appliance" }
    },
    "subnet715VNAIP": {
      "type": "string",
      "defaultValue": "10.190.63.76",
      "metadata": { "description": "UDR: Internal Loadbalancer virtual appliance" }
    },
    "subnet715NSG": {
      "type": "string",
      "defaultValue": "715_NSG_IntLB",
      "metadata": { "description": "NSG: Internal Loadbalancer virtual appliance" }
    },
    "subnet715UDR": {
      "type": "string",
      "defaultValue": "715_UDR_IntLB",
      "metadata": { "description": "UDR: Internal Loadbalancer virtual appliance" }
    },
    "subnet750Prefix": {
      "type": "string",
      "defaultValue": "10.190.63.144/28",
      "metadata": { "description": "ASA Management interface" }
    },
    "subnet750Name": {
      "type": "string",
      "defaultValue": "750_ExtASA_Mgnt_Srvcs_VDC_TX",
      "metadata": { "description": "ASA Management interface" }
    },
    "subnet750VNAIP": {
      "type": "string",
      "defaultValue": "10.190.42.116",
      "metadata": { "description": "UDR: ASA Management interface" }
    },
    "subnet750NSG": {
      "type": "string",
      "defaultValue": "750_NSG_ExtASA_Mgnt",
      "metadata": { "description": "NSG: ASA Management interface" }
    },
    "subnet750UDR": {
      "type": "string",
      "defaultValue": "750_UDR_ExtASA_Mgnt",
      "metadata": { "description": "UDR: ASA Management interface" }
    },
    "subnet751Prefix": {
      "type": "string",
      "defaultValue": "10.190.63.160/28",
      "metadata": { "description": "ASA Inside Interface" }
    },
    "subnet751Name": {
      "type": "string",
      "defaultValue": "751_ExtASA_In_Srvcs_VDC_TX",
      "metadata": { "description": "ASA Inside Interface" }
    },
    "subnet751VNAIP": {
      "type": "string",
      "defaultValue": "10.190.43.124",
      "metadata": { "description": "UDR: ASA Inside Interface" }
    },
    "subnet751NSG": {
      "type": "string",
      "defaultValue": "751_NSG_ExtASA_In",
      "metadata": { "description": "NSG: ASA Inside Interface" }
    },
    "subnet751UDR": {
      "type": "string",
      "defaultValue": "751_UDR_ExtASA_In",
      "metadata": { "description": "UDR: ASA Inside Interface" }
    },
    "subnet752Prefix": {
      "type": "string",
      "defaultValue": "10.190.63.176/28",
      "metadata": { "description": "ASA Outside Interface" }
    },
    "subnet752Name": {
      "type": "string",
      "defaultValue": "752_ExtASA_Out_Srvcs_VDC_TX",
      "metadata": { "description": "ASA Outside Interface" }
    },
    "subnet752VNAIP": {
      "type": "string",
      "defaultValue": "10.190.43.132",
      "metadata": { "description": "UDR: ASA Outside Interface" }
    },
    "subnet752NSG": {
      "type": "string",
      "defaultValue": "752_NSG_ExtASA_Out",
      "metadata": { "description": "NSG: ASA Outside Interface" }
    },
    "subnet752UDR": {
      "type": "string",
      "defaultValue": "752_UDR_ExtASA_Out",
      "metadata": { "description": "UDR: ASA Outside Interface" }
    },
    "subnet753Prefix": {
      "type": "string",
      "defaultValue": "10.190.63.192/28",
      "metadata": { "description": "ASA DMZ Interface" }
    },
    "subnet753Name": {
      "type": "string",
      "defaultValue": "753_ExtASA_DMZ_Srvcs_VDC_TX",
      "metadata": { "description": "ASA DMZ Interface" }
    },
    "subnet753VNAIP": {
      "type": "string",
      "defaultValue": "10.190.44.140",
      "metadata": { "description": "UDR: ASA DMZ Interface" }
    },
    "subnet753NSG": {
      "type": "string",
      "defaultValue": "753_NSG_ExtASA_DMZ",
      "metadata": { "description": "NSG: ASA DMZ Interface" }
    },
    "subnet753UDR": {
      "type": "string",
      "defaultValue": "753_UDR_ExtASA_DMZ",
      "metadata": { "description": "UDR: ASA DMZ Interface" }
    },
    "subnet755Prefix": {
      "type": "string",
      "defaultValue": "10.190.63.208/28",
      "metadata": { "description": "External Loadbalancer Virtual Network Appliance " }
    },
    "subnet755Name": {
      "type": "string",
      "defaultValue": "755_ExtLB_Srvcs_VDC_TX",
      "metadata": { "description": "External Loadbalancer Virtual Network Appliance " }
    },
    "subnet755VNAIP": {
      "type": "string",
      "defaultValue": "10.190.46.148",
      "metadata": { "description": "UDR: External Loadbalancer Virtual Network Appliance " }
    },
    "subnet755NSG": {
      "type": "string",
      "defaultValue": "755_NSG_ExtLB",
      "metadata": { "description": "NSG: External Loadbalancer Virtual Network Appliance " }
    },
    "subnet755UDR": {
      "type": "string",
      "defaultValue": "755_UDR_ExtLB",
      "metadata": { "description": "UDR: External Loadbalancer Virtual Network Appliance " }
    },
    "subnet798Prefix": {
      "type": "string",
      "defaultValue": "10.190.63.224/28",
      "metadata": { "description": "ExpressRoute Termination" }
    },
    "subnet798Name": {
      "type": "string",
      "defaultValue": "798_ER_Srvcs_VDC_TX",
      "metadata": { "description": "ExpressRoute Termination" }
    },

    "subnet798UDR": {
      "type": "string",
      "defaultValue": "798_UDR_ER",
      "metadata": { "description": "UDR: ExpressRoute Termination" }
    },
    "subnet799Prefix": {
      "type": "string",
      "defaultValue": "10.190.63.240/28",
      "metadata": { "description": "The Azure gateway network " }
    },
    "subnet799Name": {
      "type": "string",
      "defaultValue": "GatewaySubnet",
      "metadata": { "description": "The Azure gateway network " }
    },

    "subnet799UDR": {
      "type": "string",
      "defaultValue": "799_UDR_GW",
      "metadata": { "description": "UDR: The Azure gateway network " }
    },
    "subnet699Prefix": {
      "type": "string",
      "defaultValue": "10.190.63.248/29",
      "metadata": { "description": "Gateway Services to Local Networks" }
    },
    "subnet699Name": {
      "type": "string",
      "defaultValue": "699_GW_Srvcs_VDC_TX",
      "metadata": { "description": "Gateway Services to Local Networks" }
    },

    "subnet699UDR": {
      "type": "string",
      "defaultValue": "699_UDR_GW",
      "metadata": { "description": "UDR: Gateway Services to Local Networks" }
    },
    "gatewaySharedKey": {
      "type": "securestring",
      "metadata": {
        "description": "Shared key (PSK) for IPSec tunnel"
      }
    },
    "gatewayName": {
      "type": "string",
      "defaultValue": "AzureTX2ADC",
      "metadata": {
        "description": "Arbitrary name for the new connection between Azure VNet and other network"
      }
    },
    "gatewayVPNType": {
      "type": "string",
      "metadata": {
        "description": "Route based or policy based"
      },
      "defaultValue": "RouteBased",
      "allowedValues": [
        "RouteBased",
        "PolicyBased"
      ]
    },
    "gatewayLocalIPPrefix": {
      "type": "Array",
      "metadata": { "description": "what networks are accecible with this gagteway" }
    },
    "gatewayLocalName": {
      "type": "string",
      "defaultValue": "LocalNetwork_ADC",
      "metadata": { "description": "what networks are accecible with thisteway" }
    },
    "gatewayConnectionName": {
      "type": "string",
      "defaultValue": "VDCGateway",
      "metadata": {
        "description": "Arbitrary name for gateway resource representing "
      }
    },
    "gatewayLocalIpAddress": {
      "type": "string",
      "defaultValue": "1.1.1.1",
      "metadata": {
        "description": "Public IP"
      }
    },
    "gatewayPublicIPName": {
      "type": "string",
      "defaultValue": "azureTXGatewayIP",
      "metadata": {
        "description": "Arbitrary name for public IP resource used for the new azure gateway"
      }
    },
    "gatewaySku": {
      "type": "string",
      "defaultValue": "Basic",
      "allowedValues": [
        "Basic",
        "Standard",
        "HighPerformance"
      ],
      "metadata": {
        "description": "The Sku of the Gateway. This must be one of Basic, Standard or HighPerformance."
      }
    },



    "vmCSRAdminUsername": {
      "defaultValue": "vdcAdmin",
      "type": "String",
      "metadata": {
        "description": "Username for the Virtual Machine. If sshPublicKey is used, username need to be azureuser"
      }
    },
    "vmCSRadminPassword": {
      "type": "SecureString",
      "metadata": {
        "description": "Password for the Virtual Machine."
      }
    },
    "vmAuthNType": {
      "defaultValue": "password",
      "allowedValues": [ "password" ],
      "type": "String",
      "metadata": {
        "description": "Authentication Type to chose for the Virtual Machines, If sshPublicKey is used, AminUsername need to be: azureuser"
      }
    },
    "vmCSR1aName": {
      "type": "string",
      "defaultValue": "vdcpccsr1a",
      "metadata": { "description": "The name of the primary Router" }
    },
    "vmCSR1aPIPName": {
      "type": "string",
      "defaultvalue": "700_CSR1a",
      "metadata": { "description": "PublicIP Address Name" }
    },
    "vmCSR1aPIPDNS": {
      "type": "string",
      "metadata": {
        "description": "DNS Label for the Public IP. Must be lowercase. It should match with the following regular expression: ^[a-z][a-z0-9-]{1,61}[a-z0-9]$ or it will raise an error.",
      },
    },

    "vmCSRPremiumStorageName": {
      "type": "string",
      "defaultValue": "vdcvnettx2a",
      "metadata": {
        "description": "Premium Storage account name"
      }
    },
    "vmCSRStndStorageName": {
      "type": "string",
      "defaultvalue": "vdcvnettx1a",
      "metadata": {
        "description": "Storage account name"
      }
    },
    "vmCSRSize": {
      "defaultValue": "Standard_D3_v2",
      "allowedValues": [
        "Standard_D3_v2"
      ],
      "type": "string",
      "metadata": {
        "description": "Size of the Virtual Machine"
      }
    },

    "vmCSR1aSubnet700IP": {
      "type": "string",
      "defaultValue": "10.190.63.4",
      "metadata": { "description": "NIC0 IP Address internal" }
    },

    "vmCSR1aSubnet701IP": {
      "type": "string",
      "defaultValue": "10.190.63.20",
      "metadata": { "description": "NIC1 IP Address internal" }
    },
    "vmCSR1aSubnet702IP": {
      "type": "string",
      "defaultValue": "10.190.63.36",
      "metadata": { "description": "NIC2 IP Address internal" }
    },

    "vmCSR1aSubnet703IP": {
      "type": "string",
      "defaultValue": "10.190.63.52",
      "metadata": { "description": "NIC3 IP Address internal" }
    }


  },
  "variables": {
    "apiVersion": "2015-06-15",
    "templateBaseUrl": "https://raw.githubusercontent.com/willstg/azurefoundation/master/ARM/VNET",
    "All_Internet.Inbound.Deny": {
      "description": "All_Internet.Inbound.Deny",
      "protocol": "Tcp",
      "sourcePortRange": "*",
      "destinationPortRange": "*",
      "sourceAddressPrefix": "INTERNET",
      "destinationAddressPrefix": "*",
      "access": "Deny",
      "priority": 150,
      "direction": "Inbound"
    },
    "All_Internet.Inbound.Allow": {
      "description": "All_Internet.Inbound.Allow",
      "protocol": "Tcp",
      "sourcePortRange": "*",
      "destinationPortRange": "*",
      "sourceAddressPrefix": "INTERNET",
      "destinationAddressPrefix": "*",
      "access": "Allow",
      "priority": 150,
      "direction": "Inbound"
    },
    "SSH.Inbound.Allow": {
      "description": "SSH.Inbound.Allow",
      "protocol": "Tcp",
      "sourcePortRange": "22",
      "destinationPortRange": "*",
      "sourceAddressPrefix": "INTERNET",
      "destinationAddressPrefix": "*",
      "access": "Allow",
      "priority": 100,
      "direction": "Inbound"
    },
    "UDP500.Inbound.Allow": {
      "description": "UDP500.Inbound.Allow",
      "protocol": "Udp",
      "sourcePortRange": "500",
      "destinationPortRange": "*",
      "sourceAddressPrefix": "INTERNET",
      "destinationAddressPrefix": "*",
      "access": "Allow",
      "priority": 101,
      "direction": "Inbound"
    },
    "UDP4500.Inbound.Allow": {
      "description": "UDP4500.Inbound.Allow",
      "protocol": "Udp",
      "sourcePortRange": "4500",
      "destinationPortRange": "*",
      "sourceAddressPrefix": "INTERNET",
      "destinationAddressPrefix": "*",
      "access": "Allow",
      "priority": 102,
      "direction": "Inbound"
    },
    "vnetID": "[resourceId('Microsoft.Network/virtualNetworks', parameters('vnetName'))]",
    "subnet799Ref": "[concat(variables('vnetID'),'/subnets/',parameters('subnet799Name'))]",
    "imagePublisher": "cisco",
    "imageOffer": "cisco-csr-1000v",
    "imageSKU": "csr-azure-byol",
    "OSDiskName": "[concat(parameters('vmCSR1aName'), '-disk')]",
    "vmStorageAccountContainerName": "vhds",
    "subnet700Ref": "[concat(variables('vnetID'),'/subnets/', parameters('Subnet700Name'))]",
    "subnet701Ref": "[concat(variables('vnetID'),'/subnets/', parameters('Subnet701Name'))]",
    "subnet702Ref": "[concat(variables('vnetID'),'/subnets/', parameters('Subnet702Name'))]",
    "subnet703Ref": "[concat(variables('vnetID'),'/subnets/', parameters('Subnet703Name'))]",
    "osProfilepassword": {
      "computername": "[parameters('vmCSR1aName')]",
      "adminUsername": "[parameters('vmCSRAdminUsername')]",
      "adminPassword": "[parameters('vmCSRadminPassword')]"
    }
  },
  "resources": [
    {
      "apiVersion": "2015-06-15",
      "type": "Microsoft.Network/networkSecurityGroups",
      "name": "[parameters('subnet600NSG')]",
      "location": "[resourceGroup().location]",
      "tags": { "displayName": "600_NSG_ServicesTX" },
      "properties": {
        "securityRules": [
          {
            "name": "All_Internet.Inbound.Deny",
            "properties": {
              "description": "All_Internet.Inbound.Deny",
              "protocol": "Tcp",
              "sourcePortRange": "*",
              "destinationPortRange": "*",
              "sourceAddressPrefix": "INTERNET",
              "destinationAddressPrefix": "*",
              "access": "Deny",
              "priority": 150,
              "direction": "Inbound"
            }
          }
        ]
      }
    },
    {
      "apiVersion": "2015-06-15",
      "type": "Microsoft.Network/networkSecurityGroups",
      "name": "[parameters('subnet605NSG')]",
      "location": "[resourceGroup().location]",
      "tags": { "displayName": "605_NSG_LB_ServicesTX" },
      "properties": {
        "securityRules": [
          {
            "name": "All_Internet.Inbound.Deny",
            "properties": {
              "description": "All_Internet.Inbound.Deny",
              "protocol": "Tcp",
              "sourcePortRange": "*",
              "destinationPortRange": "*",
              "sourceAddressPrefix": "INTERNET",
              "destinationAddressPrefix": "*",
              "access": "Deny",
              "priority": 150,
              "direction": "Inbound"
            }
          }
        ]
      }
    },
    {
      "apiVersion": "2015-06-15",
      "type": "Microsoft.Network/networkSecurityGroups",
      "name": "[parameters('subnet650NSG')]",
      "location": "[resourceGroup().location]",
      "tags": { "displayName": "650_NSG_DMZTX" },
      "properties": {
        "securityRules": [
          {
            "name": "All_Internet.Inbound.Allow",
            "properties": {
              "description": "All_Internet.Inbound.Allow",
              "protocol": "Tcp",
              "sourcePortRange": "*",
              "destinationPortRange": "*",
              "sourceAddressPrefix": "INTERNET",
              "destinationAddressPrefix": "*",
              "access": "Allow",
              "priority": 150,
              "direction": "Inbound"
            }
          }
        ]
      }
    },
    {
      "apiVersion": "2015-06-15",
      "type": "Microsoft.Network/networkSecurityGroups",
      "name": "[parameters('subnet655NSG')]",
      "location": "[resourceGroup().location]",
      "tags": { "displayName": "655_NSG_LB_DMZTX" },
      "properties": {
        "securityRules": [
          {
            "name": "All_Internet.Inbound.Allow",
            "properties": {
              "description": "All_Internet.Inbound.Allow",
              "protocol": "Tcp",
              "sourcePortRange": "*",
              "destinationPortRange": "*",
              "sourceAddressPrefix": "INTERNET",
              "destinationAddressPrefix": "*",
              "access": "Allow",
              "priority": 150,
              "direction": "Inbound"
            }
          }
        ]
      }
    },
    {
      "apiVersion": "2015-06-15",
      "type": "Microsoft.Network/networkSecurityGroups",
      "name": "[parameters('subnet660NSG')]",
      "location": "[resourceGroup().location]",
      "tags": { "displayName": "660_NSG_User_Tier0TX" },
      "properties": {
        "securityRules": [
          {
            "name": "All_Internet.Inbound.Deny",
            "properties": {
              "description": "All_Internet.Inbound.Deny",
              "protocol": "Tcp",
              "sourcePortRange": "*",
              "destinationPortRange": "*",
              "sourceAddressPrefix": "INTERNET",
              "destinationAddressPrefix": "*",
              "access": "Deny",
              "priority": 150,
              "direction": "Inbound"
            }
          }
        ]
      }
    },
    {
      "apiVersion": "2015-06-15",
      "type": "Microsoft.Network/networkSecurityGroups",
      "name": "[parameters('subnet661NSG')]",
      "location": "[resourceGroup().location]",
      "tags": { "displayName": "661_NSG_User_Tier1TX" },
      "properties": {
        "securityRules": [
          {
            "name": "All_Internet.Inbound.Deny",
            "properties": {
              "description": "All_Internet.Inbound.Deny",
              "protocol": "Tcp",
              "sourcePortRange": "*",
              "destinationPortRange": "*",
              "sourceAddressPrefix": "INTERNET",
              "destinationAddressPrefix": "*",
              "access": "Deny",
              "priority": 150,
              "direction": "Inbound"
            }
          }
        ]
      }
    },

    {
      "apiVersion": "2015-06-15",
      "type": "Microsoft.Network/networkSecurityGroups",
      "name": "[parameters('subnet700NSG')]",
      "location": "[resourceGroup().location]",
      "tags": { "displayName": "700_NSG_CSR_InTX" },
      "properties": {
        "securityRules": [
          {
            "name": "SSH.Inbound.Allow",
            "properties": {
              "description": "SSH.Inbound.Allow",
              "protocol": "Tcp",
              "sourcePortRange": "22",
              "destinationPortRange": "*",
              "sourceAddressPrefix": "INTERNET",
              "destinationAddressPrefix": "10.190.63.0/28",
              "access": "Allow",
              "priority": 100,
              "direction": "Inbound"
            }
          },
          {
            "name": "UDP500.Inbound.Allow",
            "properties": {
              "description": "UDP500.Inbound.Allow",
              "protocol": "Udp",
              "sourcePortRange": "500",
              "destinationPortRange": "*",
              "sourceAddressPrefix": "INTERNET",
              "destinationAddressPrefix": "10.190.63.0/28",
              "access": "Allow",
              "priority": 101,
              "direction": "Inbound"
            }
          },
          {
            "name": "UDP4500.Inbound.Allow",
            "properties": {
              "description": "UDP4500.Inbound.Allow",
              "protocol": "Udp",
              "sourcePortRange": "4500",
              "destinationPortRange": "*",
              "sourceAddressPrefix": "INTERNET",
              "destinationAddressPrefix": "10.190.63.0/28",
              "access": "Allow",
              "priority": 102,
              "direction": "Inbound"
            }
          },
          {
            "name": "All_Internet.Inbound.Deny",
            "properties": {
              "description": "All_Internet.Inbound.Deny",
              "protocol": "Tcp",
              "sourcePortRange": "*",
              "destinationPortRange": "*",
              "sourceAddressPrefix": "INTERNET",
              "destinationAddressPrefix": "*",
              "access": "Deny",
              "priority": 150,
              "direction": "Inbound"
            }
          }
        ]
      }
    },
    {
      "apiVersion": "2015-06-15",
      "type": "Microsoft.Network/networkSecurityGroups",
      "name": "[parameters('subnet701NSG')]",
      "location": "[resourceGroup().location]",
      "tags": { "displayName": "701_NSG_CSR_OutTX" },
      "properties": {
        "securityRules": [
          {
            "name": "All_Internet.Inbound.Deny",
            "properties": {
              "description": "All_Internet.Inbound.Deny",
              "protocol": "Tcp",
              "sourcePortRange": "*",
              "destinationPortRange": "*",
              "sourceAddressPrefix": "INTERNET",
              "destinationAddressPrefix": "*",
              "access": "Deny",
              "priority": 150,
              "direction": "Inbound"
            }
          }
        ]
      }
    },
    {
      "apiVersion": "2015-06-15",
      "type": "Microsoft.Network/networkSecurityGroups",
      "name": "[parameters('subnet702NSG')]",
      "location": "[resourceGroup().location]",
      "tags": { "displayName": "702_NSG_CSR_TunnelTX" },
      "properties": {
        "securityRules": [
          {
            "name": "All_Internet.Inbound.Deny",
            "properties": {
              "description": "All_Internet.Inbound.Deny",
              "protocol": "Tcp",
              "sourcePortRange": "*",
              "destinationPortRange": "*",
              "sourceAddressPrefix": "INTERNET",
              "destinationAddressPrefix": "*",
              "access": "Deny",
              "priority": 150,
              "direction": "Inbound"
            }
          }
        ]
      }
    },
    {
      "apiVersion": "2015-06-15",
      "type": "Microsoft.Network/networkSecurityGroups",
      "name": "[parameters('subnet703NSG')]",
      "location": "[resourceGroup().location]",
      "tags": { "displayName": "703_NSG_CSR_HATX" },
      "properties": {
        "securityRules": [
          {
            "name": "All_Internet.Inbound.Deny",
            "properties": {
              "description": "All_Internet.Inbound.Deny",
              "protocol": "Tcp",
              "sourcePortRange": "*",
              "destinationPortRange": "*",
              "sourceAddressPrefix": "INTERNET",
              "destinationAddressPrefix": "*",
              "access": "Deny",
              "priority": 150,
              "direction": "Inbound"
            }
          }
        ]
      }
    },
    {
      "apiVersion": "2015-06-15",
      "type": "Microsoft.Network/networkSecurityGroups",
      "name": "[parameters('subnet710NSG')]",
      "location": "[resourceGroup().location]",
      "tags": { "displayName": "710_NSG_IntASA_MgntTX" },
      "properties": {
        "securityRules": [
          {
            "name": "SSH.Inbound.Allow",
            "properties": {
              "description": "SSH.Inbound.Allow",
              "protocol": "Tcp",
              "sourcePortRange": "22",
              "destinationPortRange": "*",
              "sourceAddressPrefix": "INTERNET",
              "destinationAddressPrefix": "10.190.63.64/28",
              "access": "Allow",
              "priority": 100,
              "direction": "Inbound"
            }
          },
          {
            "name": "UDP500.Inbound.Allow",
            "properties": {
              "description": "UDP500.Inbound.Allow",
              "protocol": "Udp",
              "sourcePortRange": "500",
              "destinationPortRange": "*",
              "sourceAddressPrefix": "INTERNET",
              "destinationAddressPrefix": "10.190.63.64/28",
              "access": "Allow",
              "priority": 101,
              "direction": "Inbound"
            }
          },
          {
            "name": "UDP4500.Inbound.Allow",
            "properties": {
              "description": "UDP4500.Inbound.Allow",
              "protocol": "Udp",
              "sourcePortRange": "4500",
              "destinationPortRange": "*",
              "sourceAddressPrefix": "INTERNET",
              "destinationAddressPrefix": "10.190.63.64/28",
              "access": "Allow",
              "priority": 102,
              "direction": "Inbound"
            }
          },
          {
            "name": "All_Internet.Inbound.Deny",
            "properties": {
              "description": "All_Internet.Inbound.Deny",
              "protocol": "Tcp",
              "sourcePortRange": "*",
              "destinationPortRange": "*",
              "sourceAddressPrefix": "INTERNET",
              "destinationAddressPrefix": "*",
              "access": "Deny",
              "priority": 150,
              "direction": "Inbound"
            }
          }
        ]
      }
    },
    {
      "apiVersion": "2015-06-15",
      "type": "Microsoft.Network/networkSecurityGroups",
      "name": "[parameters('subnet711NSG')]",
      "location": "[resourceGroup().location]",
      "tags": { "displayName": "711_NSG_IntASA_InTX" },
      "properties": {
        "securityRules": [
          {
            "name": "All_Internet.Inbound.Deny",
            "properties": {
              "description": "All_Internet.Inbound.Deny",
              "protocol": "Tcp",
              "sourcePortRange": "*",
              "destinationPortRange": "*",
              "sourceAddressPrefix": "INTERNET",
              "destinationAddressPrefix": "*",
              "access": "Deny",
              "priority": 150,
              "direction": "Inbound"
            }
          }
        ]
      }
    },
    {
      "apiVersion": "2015-06-15",
      "type": "Microsoft.Network/networkSecurityGroups",
      "name": "[parameters('subnet712NSG')]",
      "location": "[resourceGroup().location]",
      "tags": { "displayName": "712_NSG_IntASA_OutTX" },
      "properties": {
        "securityRules": [
          {
            "name": "All_Internet.Inbound.Deny",
            "properties": {
              "description": "All_Internet.Inbound.Deny",
              "protocol": "Tcp",
              "sourcePortRange": "*",
              "destinationPortRange": "*",
              "sourceAddressPrefix": "INTERNET",
              "destinationAddressPrefix": "*",
              "access": "Deny",
              "priority": 150,
              "direction": "Inbound"
            }
          }
        ]
      }
    },
    {
      "apiVersion": "2015-06-15",
      "type": "Microsoft.Network/networkSecurityGroups",
      "name": "[parameters('subnet713NSG')]",
      "location": "[resourceGroup().location]",
      "tags": { "displayName": "713_NSG_IntASA_DMZTX" },
      "properties": {
        "securityRules": [
          {
            "name": "All_Internet.Inbound.Allow",
            "properties": {
              "description": "All_Internet.Inbound.Allow",
              "protocol": "Tcp",
              "sourcePortRange": "*",
              "destinationPortRange": "*",
              "sourceAddressPrefix": "INTERNET",
              "destinationAddressPrefix": "*",
              "access": "Allow",
              "priority": 150,
              "direction": "Inbound"
            }
          }
        ]
      }
    },
    {
      "apiVersion": "2015-06-15",
      "type": "Microsoft.Network/networkSecurityGroups",
      "name": "[parameters('subnet715NSG')]",
      "location": "[resourceGroup().location]",
      "tags": { "displayName": "715_NSG_IntLBTX" },
      "properties": {
        "securityRules": [
          {
            "name": "All_Internet.Inbound.Deny",
            "properties": {
              "description": "All_Internet.Inbound.Deny",
              "protocol": "Tcp",
              "sourcePortRange": "*",
              "destinationPortRange": "*",
              "sourceAddressPrefix": "INTERNET",
              "destinationAddressPrefix": "*",
              "access": "Deny",
              "priority": 150,
              "direction": "Inbound"
            }
          }
        ]
      }
    },
    {
      "apiVersion": "2015-06-15",
      "type": "Microsoft.Network/networkSecurityGroups",
      "name": "[parameters('subnet750NSG')]",
      "location": "[resourceGroup().location]",
      "tags": { "displayName": "750_NSG_ExtASA_MgntTX" },
      "properties": {
        "securityRules": [
          {
            "name": "SSH.Inbound.Allow",
            "properties": {
              "description": "SSH.Inbound.Allow",
              "protocol": "Tcp",
              "sourcePortRange": "22",
              "destinationPortRange": "*",
              "sourceAddressPrefix": "INTERNET",
              "destinationAddressPrefix": "10.190.63.144/28",
              "access": "Allow",
              "priority": 100,
              "direction": "Inbound"
            }
          },
          {
            "name": "UDP500.Inbound.Allow",
            "properties": {
              "description": "UDP500.Inbound.Allow",
              "protocol": "Udp",
              "sourcePortRange": "500",
              "destinationPortRange": "*",
              "sourceAddressPrefix": "INTERNET",
              "destinationAddressPrefix": "10.190.63.144/28",
              "access": "Allow",
              "priority": 101,
              "direction": "Inbound"
            }
          },
          {
            "name": "UDP4500.Inbound.Allow",
            "properties": {
              "description": "UDP4500.Inbound.Allow",
              "protocol": "Udp",
              "sourcePortRange": "4500",
              "destinationPortRange": "*",
              "sourceAddressPrefix": "INTERNET",
              "destinationAddressPrefix": "10.190.63.144/28",
              "access": "Allow",
              "priority": 102,
              "direction": "Inbound"
            }
          },
          {
            "name": "All_Internet.Inbound.Deny",
            "properties": {
              "description": "All_Internet.Inbound.Deny",
              "protocol": "Tcp",
              "sourcePortRange": "*",
              "destinationPortRange": "*",
              "sourceAddressPrefix": "INTERNET",
              "destinationAddressPrefix": "*",
              "access": "Deny",
              "priority": 150,
              "direction": "Inbound"
            }
          }
        ]
      }
    },
    {
      "apiVersion": "2015-06-15",
      "type": "Microsoft.Network/networkSecurityGroups",
      "name": "[parameters('subnet751NSG')]",
      "location": "[resourceGroup().location]",
      "tags": { "displayName": "751_NSG_ExtASA_InTX" },
      "properties": {
        "securityRules": [
          {
            "name": "All_Internet.Inbound.Deny",
            "properties": {
              "description": "All_Internet.Inbound.Deny",
              "protocol": "Tcp",
              "sourcePortRange": "*",
              "destinationPortRange": "*",
              "sourceAddressPrefix": "INTERNET",
              "destinationAddressPrefix": "*",
              "access": "Deny",
              "priority": 150,
              "direction": "Inbound"
            }
          }
        ]
      }
    },
    {
      "apiVersion": "2015-06-15",
      "type": "Microsoft.Network/networkSecurityGroups",
      "name": "[parameters('subnet752NSG')]",
      "location": "[resourceGroup().location]",
      "tags": { "displayName": "752_NSG_ExtASA_OutTX" },
      "properties": {
        "securityRules": [
          {
            "name": "All_Internet.Inbound.Deny",
            "properties": {
              "description": "All_Internet.Inbound.Deny",
              "protocol": "Tcp",
              "sourcePortRange": "*",
              "destinationPortRange": "*",
              "sourceAddressPrefix": "INTERNET",
              "destinationAddressPrefix": "*",
              "access": "Deny",
              "priority": 150,
              "direction": "Inbound"
            }
          }
        ]
      }
    },
    {
      "apiVersion": "2015-06-15",
      "type": "Microsoft.Network/networkSecurityGroups",
      "name": "[parameters('subnet753NSG')]",
      "location": "[resourceGroup().location]",
      "tags": { "displayName": "753_NSG_ExtASA_DMZTX" },
      "properties": {
        "securityRules": [
          {
            "name": "All_Internet.Inbound.Allow",
            "properties": {
              "description": "All_Internet.Inbound.Allow",
              "protocol": "Tcp",
              "sourcePortRange": "*",
              "destinationPortRange": "*",
              "sourceAddressPrefix": "INTERNET",
              "destinationAddressPrefix": "*",
              "access": "Allow",
              "priority": 150,
              "direction": "Inbound"
            }
          }
        ]
      }
    },
    {
      "apiVersion": "2015-06-15",
      "type": "Microsoft.Network/networkSecurityGroups",
      "name": "[parameters('subnet755NSG')]",
      "location": "[resourceGroup().location]",
      "tags": { "displayName": "755_NSG_ExtLBTX" },
      "properties": {
        "securityRules": [
          {
            "name": "All_Internet.Inbound.Deny",
            "properties": {
              "description": "All_Internet.Inbound.Deny",
              "protocol": "Tcp",
              "sourcePortRange": "*",
              "destinationPortRange": "*",
              "sourceAddressPrefix": "INTERNET",
              "destinationAddressPrefix": "*",
              "access": "Deny",
              "priority": 150,
              "direction": "Inbound"
            }
          }
        ]
      }
    },

    {
      "apiVersion": "2015-06-15",
      "type": "Microsoft.Network/routeTables",
      "name": "[parameters('subnet700UDR')]",
      "location": "[resourceGroup().location]",
      "tags": { "displayName": "[parameters('subnet700UDR')]" },
      "properties": {
        "routes": [
          {
            "name": "RouteFrom700To701_CSR_Out",
            "properties": {
              "addressPrefix": "10.190.63.16/28",
              "nextHopType": "VirtualAppliance",
              "nextHopIpAddress": "[parameters('subnet700VNAIP')]"
            }
          },
          {
            "name": "RouteFrom700To713_IntASA_DMZ",
            "properties": {
              "addressPrefix": "10.190.63.112/28",
              "nextHopType": "VirtualAppliance",
              "nextHopIpAddress": "[parameters('subnet700VNAIP')]"
            }
          },
          {
            "name": "RouteFrom700To753_ExtASA_DMZ",
            "properties": {
              "addressPrefix": "10.190.63.192/28",
              "nextHopType": "VirtualAppliance",
              "nextHopIpAddress": "[parameters('subnet700VNAIP')]"
            }
          }
        ]
      }
    },
    {
      "apiVersion": "2015-06-15",
      "type": "Microsoft.Network/routeTables",
      "name": "[parameters('subnet701UDR')]",
      "location": "[resourceGroup().location]",
      "tags": { "displayName": "[parameters('subnet701UDR')]" },
      "properties": {
        "routes": [
          {
            "name": "RouteFrom701To700_CSR_In",
            "properties": {
              "addressPrefix": "10.190.63.0/28",
              "nextHopType": "VirtualAppliance",
              "nextHopIpAddress": "[parameters('subnet701VNAIP')]"
            }
          },
          {
            "name": "RouteFrom701To702_CSR_Tunnel",
            "properties": {
              "addressPrefix": "10.190.63.32/28",
              "nextHopType": "VirtualAppliance",
              "nextHopIpAddress": "[parameters('subnet701VNAIP')]"
            }
          },
          {
            "name": "RouteFrom701To703_CSR_HA",
            "properties": {
              "addressPrefix": "10.190.63.48/28",
              "nextHopType": "VirtualAppliance",
              "nextHopIpAddress": "[parameters('subnet701VNAIP')]"
            }
          }
        ]
      }
    },
    {
      "apiVersion": "2015-06-15",
      "type": "Microsoft.Network/routeTables",
      "name": "[parameters('subnet702UDR')]",
      "location": "[resourceGroup().location]",
      "tags": { "displayName": "[parameters('subnet702UDR')]" },
      "properties": {
        "routes": [
          {
            "name": "RouteFrom702To700_CSR_In",
            "properties": {
              "addressPrefix": "10.190.63.0/28",
              "nextHopType": "VirtualAppliance",
              "nextHopIpAddress": "[parameters('subnet702VNAIP')]"
            }
          },
          {
            "name": "RouteFrom702To701_CSR_Out",
            "properties": {
              "addressPrefix": "10.190.63.16/28",
              "nextHopType": "VirtualAppliance",
              "nextHopIpAddress": "[parameters('subnet702VNAIP')]"
            }
          },
          {
            "name": "RouteFrom702To703_CSR_HA",
            "properties": {
              "addressPrefix": "10.190.63.48/28",
              "nextHopType": "VirtualAppliance",
              "nextHopIpAddress": "[parameters('subnet702VNAIP')]"
            }
          }
        ]
      }
    },
    {
      "apiVersion": "2015-06-15",
      "type": "Microsoft.Network/routeTables",
      "name": "[parameters('subnet703UDR')]",
      "location": "[resourceGroup().location]",
      "tags": { "displayName": "[parameters('subnet703UDR')]" },
      "properties": {
        "routes": [
          {
            "name": "RouteFrom703To700_CSR_In",
            "properties": {
              "addressPrefix": "10.190.63.0/28",
              "nextHopType": "VirtualAppliance",
              "nextHopIpAddress": "[parameters('subnet703VNAIP')]"
            }
          },
          {
            "name": "RouteFrom703To701_CSR_Out",
            "properties": {
              "addressPrefix": "10.190.63.16/28",
              "nextHopType": "VirtualAppliance",
              "nextHopIpAddress": "[parameters('subnet703VNAIP')]"
            }
          },
          {
            "name": "RouteFrom703To702_CSR_Tunnel",
            "properties": {
              "addressPrefix": "10.190.63.32/28",
              "nextHopType": "VirtualAppliance",
              "nextHopIpAddress": "[parameters('subnet703VNAIP')]"
            }
          }
        ]
      }
    },
    {
      "apiVersion": "2015-06-15",
      "type": "Microsoft.Network/routeTables",
      "name": "[parameters('subnet710UDR')]",
      "location": "[resourceGroup().location]",
      "tags": { "displayName": "[parameters('subnet710UDR')]" },
      "properties": {
        "routes": [
          {
            "name": "RouteFrom710To711_IntASA_In",
            "properties": {
              "addressPrefix": "10.190.63.80/28",
              "nextHopType": "VirtualAppliance",
              "nextHopIpAddress": "[parameters('subnet710VNAIP')]"
            }
          },
          {
            "name": "RouteFrom710To712_IntASA_Out",
            "properties": {
              "addressPrefix": "10.190.63.96/28",
              "nextHopType": "VirtualAppliance",
              "nextHopIpAddress": "[parameters('subnet710VNAIP')]"
            }
          },
          {
            "name": "RouteFrom710To713_IntASA_DMZ",
            "properties": {
              "addressPrefix": "10.190.63.112/28",
              "nextHopType": "VirtualAppliance",
              "nextHopIpAddress": "[parameters('subnet710VNAIP')]"
            }
          }
        ]
      }
    },
    {
      "apiVersion": "2015-06-15",
      "type": "Microsoft.Network/routeTables",
      "name": "[parameters('subnet711UDR')]",
      "location": "[resourceGroup().location]",
      "tags": { "displayName": "[parameters('subnet711UDR')]" },
      "properties": {
        "routes": [
          {
            "name": "RouteFrom711To710_IntASA_Mgnt",
            "properties": {
              "addressPrefix": "10.190.63.64/28",
              "nextHopType": "VirtualAppliance",
              "nextHopIpAddress": "[parameters('subnet711VNAIP')]"
            }
          },
          {
            "name": "RouteFrom711To712_IntASA_Out",
            "properties": {
              "addressPrefix": "10.190.63.96/28",
              "nextHopType": "VirtualAppliance",
              "nextHopIpAddress": "[parameters('subnet711VNAIP')]"
            }
          },
          {
            "name": "RouteFrom711To713_IntASA_DMZ",
            "properties": {
              "addressPrefix": "10.190.63.112/28",
              "nextHopType": "VirtualAppliance",
              "nextHopIpAddress": "[parameters('subnet711VNAIP')]"
            }
          }
        ]
      }
    },
    {
      "apiVersion": "2015-06-15",
      "type": "Microsoft.Network/routeTables",
      "name": "[parameters('subnet712UDR')]",
      "location": "[resourceGroup().location]",
      "tags": { "displayName": "[parameters('subnet712UDR')]" },
      "properties": {
        "routes": [
          {
            "name": "RouteFrom712To710_IntASA_Mgnt",
            "properties": {
              "addressPrefix": "10.190.63.64/28",
              "nextHopType": "VirtualAppliance",
              "nextHopIpAddress": "[parameters('subnet712VNAIP')]"
            }
          },
          {
            "name": "RouteFrom712To711_IntASA_In",
            "properties": {
              "addressPrefix": "10.190.63.80/28",
              "nextHopType": "VirtualAppliance",
              "nextHopIpAddress": "[parameters('subnet712VNAIP')]"
            }
          },
          {
            "name": "RouteFrom712To713_IntASA_DMZ",
            "properties": {
              "addressPrefix": "10.190.63.112/28",
              "nextHopType": "VirtualAppliance",
              "nextHopIpAddress": "[parameters('subnet712VNAIP')]"
            }
          }
        ]
      }
    },
    {
      "apiVersion": "2015-06-15",
      "type": "Microsoft.Network/routeTables",
      "name": "[parameters('subnet713UDR')]",
      "location": "[resourceGroup().location]",
      "tags": { "displayName": "[parameters('subnet713UDR')]" },
      "properties": {
        "routes": [
          {
            "name": "RouteFrom713To710_IntASA_Mgnt",
            "properties": {
              "addressPrefix": "10.190.63.64/28",
              "nextHopType": "VirtualAppliance",
              "nextHopIpAddress": "[parameters('subnet713VNAIP')]"
            }
          },
          {
            "name": "RouteFrom713To711_IntASA_In",
            "properties": {
              "addressPrefix": "10.190.63.80/28",
              "nextHopType": "VirtualAppliance",
              "nextHopIpAddress": "[parameters('subnet713VNAIP')]"
            }
          },
          {
            "name": "RouteFrom713To712_IntASA_Out",
            "properties": {
              "addressPrefix": "10.190.63.96/28",
              "nextHopType": "VirtualAppliance",
              "nextHopIpAddress": "[parameters('subnet713VNAIP')]"
            }
          },
          {
            "name": "RouteFrom713To753_ExtASA_DMZ",
            "properties": {
              "addressPrefix": "10.190.63.192/28",
              "nextHopType": "VirtualAppliance",
              "nextHopIpAddress": "[parameters('subnet713VNAIP')]"
            }
          }
        ]
      }
    },
    {
      "apiVersion": "2015-06-15",
      "type": "Microsoft.Network/routeTables",
      "name": "[parameters('subnet715UDR')]",
      "location": "[resourceGroup().location]",
      "tags": { "displayName": "[parameters('subnet715UDR')]" },
      "properties": {
        "routes": [
          {
            "name": "RouteFrom715To711_IntASA_In",
            "properties": {
              "addressPrefix": "10.190.63.80/28",
              "nextHopType": "VirtualAppliance",
              "nextHopIpAddress": "[parameters('subnet715VNAIP')]"
            }
          }
        ]
      }
    },
    {
      "apiVersion": "2015-06-15",
      "type": "Microsoft.Network/routeTables",
      "name": "[parameters('subnet750UDR')]",
      "location": "[resourceGroup().location]",
      "tags": { "displayName": "[parameters('subnet750UDR')]" },
      "properties": {
        "routes": [
          {
            "name": "RouteFrom750To751_ExtASA_In",
            "properties": {
              "addressPrefix": "10.190.63.160/28",
              "nextHopType": "VirtualAppliance",
              "nextHopIpAddress": "[parameters('subnet750VNAIP')]"
            }
          },
          {
            "name": "RouteFrom750To752_ExtASA_Out",
            "properties": {
              "addressPrefix": "10.190.63.176/28",
              "nextHopType": "VirtualAppliance",
              "nextHopIpAddress": "[parameters('subnet750VNAIP')]"
            }
          },
          {
            "name": "RouteFrom750To753_ExtASA_DMZ",
            "properties": {
              "addressPrefix": "10.190.63.192/28",
              "nextHopType": "VirtualAppliance",
              "nextHopIpAddress": "[parameters('subnet750VNAIP')]"
            }
          }
        ]
      }
    },
    {
      "apiVersion": "2015-06-15",
      "type": "Microsoft.Network/routeTables",
      "name": "[parameters('subnet751UDR')]",
      "location": "[resourceGroup().location]",
      "tags": { "displayName": "[parameters('subnet751UDR')]" },
      "properties": {
        "routes": [
          {
            "name": "RouteFrom751To750_ExtASA_Mgnt",
            "properties": {
              "addressPrefix": "10.190.63.144/28",
              "nextHopType": "VirtualAppliance",
              "nextHopIpAddress": "[parameters('subnet751VNAIP')]"
            }
          },
          {
            "name": "RouteFrom751To752_ExtASA_Out",
            "properties": {
              "addressPrefix": "10.190.63.176/28",
              "nextHopType": "VirtualAppliance",
              "nextHopIpAddress": "[parameters('subnet751VNAIP')]"
            }
          },
          {
            "name": "RouteFrom751To753_ExtASA_DMZ",
            "properties": {
              "addressPrefix": "10.190.63.192/28",
              "nextHopType": "VirtualAppliance",
              "nextHopIpAddress": "[parameters('subnet751VNAIP')]"
            }
          }
        ]
      }
    },
    {
      "apiVersion": "2015-06-15",
      "type": "Microsoft.Network/routeTables",
      "name": "[parameters('subnet752UDR')]",
      "location": "[resourceGroup().location]",
      "tags": { "displayName": "[parameters('subnet752UDR')]" },
      "properties": {
        "routes": [
          {
            "name": "RouteFrom752To750_ExtASA_Mgnt",
            "properties": {
              "addressPrefix": "10.190.63.144/28",
              "nextHopType": "VirtualAppliance",
              "nextHopIpAddress": "[parameters('subnet752VNAIP')]"
            }
          },
          {
            "name": "RouteFrom752To751_ExtASA_In",
            "properties": {
              "addressPrefix": "10.190.63.160/28",
              "nextHopType": "VirtualAppliance",
              "nextHopIpAddress": "[parameters('subnet752VNAIP')]"
            }
          },
          {
            "name": "RouteFrom752To753_ExtASA_DMZ",
            "properties": {
              "addressPrefix": "10.190.63.192/28",
              "nextHopType": "VirtualAppliance",
              "nextHopIpAddress": "[parameters('subnet752VNAIP')]"
            }
          }
        ]
      }
    },
    {
      "apiVersion": "2015-06-15",
      "type": "Microsoft.Network/routeTables",
      "name": "[parameters('subnet753UDR')]",
      "location": "[resourceGroup().location]",
      "tags": { "displayName": "[parameters('subnet753UDR')]" },
      "properties": {
        "routes": [
          {
            "name": "RouteFrom753To750_ExtASA_Mgnt",
            "properties": {
              "addressPrefix": "10.190.63.144/28",
              "nextHopType": "VirtualAppliance",
              "nextHopIpAddress": "[parameters('subnet753VNAIP')]"
            }
          },
          {
            "name": "RouteFrom753To751_ExtASA_In",
            "properties": {
              "addressPrefix": "10.190.63.160/28",
              "nextHopType": "VirtualAppliance",
              "nextHopIpAddress": "[parameters('subnet753VNAIP')]"
            }
          },
          {
            "name": "RouteFrom753To752_ExtASA_Out",
            "properties": {
              "addressPrefix": "10.190.63.176/28",
              "nextHopType": "VirtualAppliance",
              "nextHopIpAddress": "[parameters('subnet753VNAIP')]"
            }
          }
        ]
      }
    },
    {
      "apiVersion": "2015-06-15",
      "type": "Microsoft.Network/routeTables",
      "name": "[parameters('subnet755UDR')]",
      "location": "[resourceGroup().location]",
      "tags": { "displayName": "[parameters('subnet755UDR')]" },
      "properties": {
        "routes": [
          {
            "name": "RouteFrom755To751_ExtASA_In",
            "properties": {
              "addressPrefix": "10.190.63.160/28",
              "nextHopType": "VirtualAppliance",
              "nextHopIpAddress": "[parameters('subnet755VNAIP')]"
            }
          }
        ]
      }
    },
    {
      "apiVersion": "2015-06-15",
      "type": "Microsoft.Network/routeTables",
      "name": "[parameters('subnet600UDR')]",
      "location": "[resourceGroup().location]",
      "tags": { "displayName": "[parameters('subnet600UDR')]" },
      "properties": {
        "routes": [
          {
            "name": "RouteFrom600To711_IntASA_In",
            "properties": {
              "addressPrefix": "10.190.63.80/28",
              "nextHopType": "VirtualAppliance",
              "nextHopIpAddress": "[parameters('subnet600VNAIP')]"
            }
          }
        ]
      }
    },
    {
      "apiVersion": "2015-06-15",
      "type": "Microsoft.Network/routeTables",
      "name": "[parameters('subnet605UDR')]",
      "location": "[resourceGroup().location]",
      "tags": { "displayName": "[parameters('subnet605UDR')]" },
      "properties": {
        "routes": [
          {
            "name": "RouteFrom605To715_IntLB",
            "properties": {
              "addressPrefix": "10.190.63.128/28",
              "nextHopType": "VirtualAppliance",
              "nextHopIpAddress": "[parameters('subnet605VNAIP')]"
            }
          }
        ]
      }
    },
    {
      "apiVersion": "2015-06-15",
      "type": "Microsoft.Network/routeTables",
      "name": "[parameters('subnet650UDR')]",
      "location": "[resourceGroup().location]",
      "tags": { "displayName": "[parameters('subnet650UDR')]" },
      "properties": {
        "routes": [
          {
            "name": "RouteFrom650To751_ExtASA_In",
            "properties": {
              "addressPrefix": "10.190.63.160/28",
              "nextHopType": "VirtualAppliance",
              "nextHopIpAddress": "[parameters('subnet650VNAIP')]"
            }
          }
        ]
      }
    },
    {
      "apiVersion": "2015-06-15",
      "type": "Microsoft.Network/routeTables",
      "name": "[parameters('subnet660UDR')]",
      "location": "[resourceGroup().location]",
      "tags": { "displayName": "[parameters('subnet660UDR')]" },
      "properties": {
        "routes": [
          {
            "name": "RouteFrom660To711_IntASA_In",
            "properties": {
              "addressPrefix": "10.190.63.80/28",
              "nextHopType": "VirtualAppliance",
              "nextHopIpAddress": "[parameters('subnet660VNAIP')]"
            }
          }
        ]
      }
    },
    {
      "apiVersion": "2015-06-15",
      "type": "Microsoft.Network/routeTables",
      "name": "[parameters('subnet661UDR')]",
      "location": "[resourceGroup().location]",
      "tags": { "displayName": "[parameters('subnet661UDR')]" },
      "properties": {
        "routes": [
          {
            "name": "RouteFrom661To711_IntASA_In",
            "properties": {
              "addressPrefix": "10.190.63.80/28",
              "nextHopType": "VirtualAppliance",
              "nextHopIpAddress": "[parameters('subnet661VNAIP')]"
            }
          }
        ]
      }
    },
    {
      "apiVersion": "2015-06-15",
      "type": "Microsoft.Network/routeTables",
      "name": "[parameters('subnet655UDR')]",
      "location": "[resourceGroup().location]",
      "tags": { "displayName": "[parameters('subnet655UDR')]" },
      "properties": {
        "routes": [
          {
            "name": "RouteFrom655To755_ExtLB",
            "properties": {
              "addressPrefix": "10.190.63.208/28",
              "nextHopType": "VirtualAppliance",
              "nextHopIpAddress": "[parameters('subnet655VNAIP')]"
            }
          }
        ]
      }
    },


    {
      "apiVersion": "2015-06-15",
      "type": "Microsoft.Network/virtualNetworks",
      "name": "[parameters('vnetName')]",
      "location": "[resourceGroup().location]",
      "dependsOn": [],
      "tags": { "displayName": "VDC VNet TX" },
      "properties": {
        "addressSpace": { "addressPrefixes": [ "[parameters('vnetAddressPrefix')]" ] },
        "subnets": [
          {
            "name": "[parameters('subnet600name')]",
            "properties": {
              "addressPrefix": "[parameters('subnet600prefix')]",
              "networkSecurityGroup": { "id": "[resourceID('Microsoft.Network/networkSecurityGroups', parameters('subnet600NSG'))]" },
              "routeTable": { "id": "[resourceID('Microsoft.Network/routeTables', parameters('subnet600UDR'))]" }
            }
          },
          {
            "name": "[parameters('subnet605name')]",
            "properties": {
              "addressPrefix": "[parameters('subnet605prefix')]",
              "networkSecurityGroup": { "id": "[resourceID('Microsoft.Network/networkSecurityGroups', parameters('subnet605NSG'))]" },
              "routeTable": { "id": "[resourceID('Microsoft.Network/routeTables', parameters('subnet605UDR'))]" }
            }
          },
          {
            "name": "[parameters('subnet650name')]",
            "properties": {
              "addressPrefix": "[parameters('subnet650prefix')]",
              "networkSecurityGroup": { "id": "[resourceID('Microsoft.Network/networkSecurityGroups', parameters('subnet650NSG'))]" },
              "routeTable": { "id": "[resourceID('Microsoft.Network/routeTables', parameters('subnet650UDR'))]" }
            }
          },
          {
            "name": "[parameters('subnet660name')]",
            "properties": {
              "addressPrefix": "[parameters('subnet660prefix')]",
              "networkSecurityGroup": { "id": "[resourceID('Microsoft.Network/networkSecurityGroups', parameters('subnet660NSG'))]" },
              "routeTable": { "id": "[resourceID('Microsoft.Network/routeTables', parameters('subnet660UDR'))]" }
            }
          },
          {
            "name": "[parameters('subnet661name')]",
            "properties": {
              "addressPrefix": "[parameters('subnet661prefix')]",
              "networkSecurityGroup": { "id": "[resourceID('Microsoft.Network/networkSecurityGroups', parameters('subnet661NSG'))]" },
              "routeTable": { "id": "[resourceID('Microsoft.Network/routeTables', parameters('subnet661UDR'))]" }
            }
          },
          {
            "name": "[parameters('subnet655name')]",
            "properties": {
              "addressPrefix": "[parameters('subnet655prefix')]",
              "networkSecurityGroup": { "id": "[resourceID('Microsoft.Network/networkSecurityGroups', parameters('subnet655NSG'))]" },
              "routeTable": { "id": "[resourceID('Microsoft.Network/routeTables', parameters('subnet655UDR'))]" }
            }
          },
          {
            "name": "[parameters('subnet700name')]",
            "properties": {
              "addressPrefix": "[parameters('subnet700prefix')]",
              "networkSecurityGroup": { "id": "[resourceID('Microsoft.Network/networkSecurityGroups', parameters('subnet700NSG'))]" },
              "routeTable": { "id": "[resourceID('Microsoft.Network/routeTables', parameters('subnet700UDR'))]" }
            }
          },
          {
            "name": "[parameters('subnet701name')]",
            "properties": {
              "addressPrefix": "[parameters('subnet701prefix')]",
              "networkSecurityGroup": { "id": "[resourceID('Microsoft.Network/networkSecurityGroups', parameters('subnet701NSG'))]" },
              "routeTable": { "id": "[resourceID('Microsoft.Network/routeTables', parameters('subnet701UDR'))]" }
            }
          },
          {
            "name": "[parameters('subnet702name')]",
            "properties": {
              "addressPrefix": "[parameters('subnet702prefix')]",
              "networkSecurityGroup": { "id": "[resourceID('Microsoft.Network/networkSecurityGroups', parameters('subnet702NSG'))]" },
              "routeTable": { "id": "[resourceID('Microsoft.Network/routeTables', parameters('subnet702UDR'))]" }
            }
          },
          {
            "name": "[parameters('subnet703name')]",
            "properties": {
              "addressPrefix": "[parameters('subnet703prefix')]",
              "networkSecurityGroup": { "id": "[resourceID('Microsoft.Network/networkSecurityGroups', parameters('subnet703NSG'))]" },
              "routeTable": { "id": "[resourceID('Microsoft.Network/routeTables', parameters('subnet703UDR'))]" }
            }
          },
          {
            "name": "[parameters('subnet710name')]",
            "properties": {
              "addressPrefix": "[parameters('subnet710prefix')]",
              "networkSecurityGroup": { "id": "[resourceID('Microsoft.Network/networkSecurityGroups', parameters('subnet710NSG'))]" },
              "routeTable": { "id": "[resourceID('Microsoft.Network/routeTables', parameters('subnet710UDR'))]" }
            }
          },
          {
            "name": "[parameters('subnet711name')]",
            "properties": {
              "addressPrefix": "[parameters('subnet711prefix')]",
              "networkSecurityGroup": { "id": "[resourceID('Microsoft.Network/networkSecurityGroups', parameters('subnet711NSG'))]" },
              "routeTable": { "id": "[resourceID('Microsoft.Network/routeTables', parameters('subnet711UDR'))]" }
            }
          },
          {
            "name": "[parameters('subnet712name')]",
            "properties": {
              "addressPrefix": "[parameters('subnet712prefix')]",
              "networkSecurityGroup": { "id": "[resourceID('Microsoft.Network/networkSecurityGroups', parameters('subnet712NSG'))]" },
              "routeTable": { "id": "[resourceID('Microsoft.Network/routeTables', parameters('subnet712UDR'))]" }
            }
          },
          {
            "name": "[parameters('subnet713name')]",
            "properties": {
              "addressPrefix": "[parameters('subnet713prefix')]",
              "networkSecurityGroup": { "id": "[resourceID('Microsoft.Network/networkSecurityGroups', parameters('subnet713NSG'))]" },
              "routeTable": { "id": "[resourceID('Microsoft.Network/routeTables', parameters('subnet713UDR'))]" }
            }
          },
          {
            "name": "[parameters('subnet715name')]",
            "properties": {
              "addressPrefix": "[parameters('subnet715prefix')]",
              "networkSecurityGroup": { "id": "[resourceID('Microsoft.Network/networkSecurityGroups', parameters('subnet715NSG'))]" },
              "routeTable": { "id": "[resourceID('Microsoft.Network/routeTables', parameters('subnet715UDR'))]" }
            }
          },
          {
            "name": "[parameters('subnet750name')]",
            "properties": {
              "addressPrefix": "[parameters('subnet750prefix')]",
              "networkSecurityGroup": { "id": "[resourceID('Microsoft.Network/networkSecurityGroups', parameters('subnet750NSG'))]" },
              "routeTable": { "id": "[resourceID('Microsoft.Network/routeTables', parameters('subnet750UDR'))]" }
            }
          },
          {
            "name": "[parameters('subnet751name')]",
            "properties": {
              "addressPrefix": "[parameters('subnet751prefix')]",
              "networkSecurityGroup": { "id": "[resourceID('Microsoft.Network/networkSecurityGroups', parameters('subnet751NSG'))]" },
              "routeTable": { "id": "[resourceID('Microsoft.Network/routeTables', parameters('subnet751UDR'))]" }
            }
          },
          {
            "name": "[parameters('subnet752name')]",
            "properties": {
              "addressPrefix": "[parameters('subnet752prefix')]",
              "networkSecurityGroup": { "id": "[resourceID('Microsoft.Network/networkSecurityGroups', parameters('subnet752NSG'))]" },
              "routeTable": { "id": "[resourceID('Microsoft.Network/routeTables', parameters('subnet752UDR'))]" }
            }
          },
          {
            "name": "[parameters('subnet753name')]",
            "properties": {
              "addressPrefix": "[parameters('subnet753prefix')]",
              "networkSecurityGroup": { "id": "[resourceID('Microsoft.Network/networkSecurityGroups', parameters('subnet753NSG'))]" },
              "routeTable": { "id": "[resourceID('Microsoft.Network/routeTables', parameters('subnet753UDR'))]" }
            }
          },
          {
            "name": "[parameters('subnet755name')]",
            "properties": {
              "addressPrefix": "[parameters('subnet755prefix')]",
              "networkSecurityGroup": { "id": "[resourceID('Microsoft.Network/networkSecurityGroups', parameters('subnet755NSG'))]" },
              "routeTable": { "id": "[resourceID('Microsoft.Network/routeTables', parameters('subnet755UDR'))]" }
            }
          },
          {
            "name": "[parameters('subnet798name')]",
            "properties": {
              "addressPrefix": "[parameters('subnet798prefix')]"
            }
          },
          {
            "name": "[parameters('subnet799name')]",
            "properties": {
              "addressPrefix": "[parameters('subnet799prefix')]"
            }
          }
        ]
      }
    },



    {
      "apiVersion": "[variables('apiversion')]",
      "type": "Microsoft.Network/localNetworkGateways",
      "name": "[parameters('gatewayLocalName')]",
      "location": "[resourceGroup().location]",
      "properties": {
        "localNetworkAddressSpace": {
          "addressPrefixes": "[parameters('gatewayLocalIpPrefix')]"
        },
        "gatewayIpAddress": "[parameters('gatewayLocalIpAddress')]"
      }
    },
    {
      "apiVersion": "[variables('apiversion')]",
      "type": "Microsoft.Network/publicIPAddresses",
      "name": "[parameters('gatewayPublicIPName')]",
      "location": "[resourceGroup().location]",
      "properties": {
        "publicIPAllocationMethod": "Dynamic"
      }
    },
    {
      "apiVersion": "[variables('apiversion')]",
      "type": "Microsoft.Network/virtualNetworkGateways",
      "name": "[parameters('gatewayName')]",
      "location": "[resourceGroup().location]",
      "dependsOn": [
        "[concat('Microsoft.Network/publicIPAddresses/', parameters('gatewayPublicIPName'))]",
        "[concat('Microsoft.Network/virtualNetworks/', parameters('vnetName'))]"
      ],
      "properties": {
        "ipConfigurations": [
          {
            "properties": {
              "privateIPAllocationMethod": "Dynamic",
              "subnet": { "id": "[variables('subnet799Ref')]" },
              "publicIPAddress": { "id": "[resourceId('Microsoft.Network/publicIPAddresses',parameters('gatewayPublicIPName'))]" }
            },
            "name": "[parameters('gatewayLocalName')]"
          }
        ],
        "sku": {
          "name": "[parameters('gatewaySku')]",
          "tier": "[parameters('gatewaySku')]"
        },
        "gatewayType": "Vpn",
        "vpnType": "[parameters('gatewayVPNType')]",
        "enableBgp": "false"
      }
    },
    {
      "apiVersion": "[variables('apiversion')]",
      "name": "[parameters('gatewayConnectionName')]",
      "type": "Microsoft.Network/connections",
      "location": "[resourceGroup().location]",
      "dependsOn": [
        "[concat('Microsoft.Network/virtualNetworkGateways/', parameters('gatewayName'))]",
        "[concat('Microsoft.Network/localNetworkGateways/', parameters('gatewayLocalName'))]"
      ],
      "properties": {
        "virtualNetworkGateway1": {
          "id": "[resourceId('Microsoft.Network/virtualNetworkGateways', parameters('gatewayName'))]"
        },
        "localNetworkGateway2": {
          "id": "[resourceId('Microsoft.Network/localNetworkGateways', parameters('gatewayLocalName'))]"
        },
        "connectionType": "IPsec",
        "routingWeight": 10,
        "sharedKey": "[parameters('gatewaySharedKey')]"
      }
    }

  ],
  "outputs": {
  }

}
